link,title
,
http://i1.umei.cc/uploads/tu/201705/22/slt1.png,山水风景
http://i1.umei.cc/uploads/tu/201705/22/slt2.png,海边风景
http://i1.umei.cc/uploads/tu/201705/22/slt3.png,自然风景
http://i1.umei.cc/uploads/tu/201705/22/slt4.png,美丽风景
http://i1.umei.cc/uploads/tu/201705/22/slt5.png,旅游风景
http://i1.umei.cc/uploads/tu/201705/22/slt6.png,城市风景
http://i1.umei.cc/uploads/tu/201705/22/slt7.png,秋天风景
http://i1.umei.cc/uploads/tu/201705/22/slt8.png,建筑风景
http://i1.umei.cc/uploads/tu/201705/22/slt9.png,夜景图片
http://i1.umei.cc/uploads/tu/201705/22/slt10.png,雪景图片
http://i1.umei.cc/uploads/tu/201901/9999/rn6d741fe661.jpg,时尚潮流的情侣浪漫爱情图片
http://i1.umei.cc/uploads/tu/201901/9999/rn067fcacbe0.jpg,唯美的冷色调意境图片
http://i1.umei.cc/uploads/tu/201901/9999/rnc7defb1c37.png,可爱的棉花糖小清新图片
http://i1.umei.cc/uploads/tu/201901/9999/rn9436953f2c.jpg,愿明年春暖花开你在身边爱情图片
http://i1.umei.cc/uploads/tu/201901/9999/rn566f195e7c.jpg,人生充满了各种惊奇缤纷色彩唯美图片
http://i1.umei.cc/uploads/tu/201901/9999/rn87bdce3f62.jpg,蓝天白云 软绵绵的喜欢
http://i1.umei.cc/uploads/tu/201901/9999/rn88a6fd0fd7.jpg,想住在大落地窗的房间欧美意境图片
http://i1.umei.cc/uploads/tu/201901/9999/rn5877586a21.jpg,世界上最远的距离唯美伤感意境图片
http://i1.umei.cc/uploads/tu/201901/9999/rn44db653b39.jpg,三亚水下婚纱摄影图片
http://i1.umei.cc/uploads/tu/201901/9999/rn3b509f883e.jpg,我的最爱欧式婚纱
http://i1.umei.cc/uploads/tu/201812/9999/rn631bef4ace.jpg,云中客游旧山河，遍访仙人寻烟萝
http://i1.umei.cc/uploads/tu/201812/9999/rn9e3eab9877.jpg,有些事我没忘 只不过要深藏。
http://i1.umei.cc/uploads/tu/201901/9999/rn6d9fef8b78.jpg,​黑龙江镜泊湖靓丽风景壁纸图片
http://i1.umei.cc/uploads/tu/201901/9999/rn45abddba1e.jpg,唯美的美女海滩冲浪高清电脑桌面壁纸
http://i1.umei.cc/uploads/tu/201901/9999/rn33eed9f59e.jpg,韩式风格婚纱照新娘美女壁纸
http://i1.umei.cc/uploads/tu/201901/9999/rnbf7245534c.jpg,可爱卡通高清桌面壁纸之七夕情人节
http://i1.umei.cc/uploads/tu/201901/9999/rn341742238b.jpg,植物高清壁纸之绿色嫩芽
http://i1.umei.cc/uploads/tu/201901/9999/rn739bb1a7cc.jpg,宁静的窗台花儿壁纸
http://i1.umei.cc/uploads/tu/201901/9999/rn274df136d0.jpg,小西红色礼服性感美女壁纸
http://i1.umei.cc/uploads/tu/201901/9999/rnbaf3467f2d.jpg,美女明星刘诗诗高清壁纸图片下载
http://i1.umei.cc/uploads/tu/201901/9999/rn8cbf8f879e.jpg,绚丽彩色的高清电脑桌面壁纸
http://i1.umei.cc/uploads/tu/201901/9999/rn52ecb90040.jpg,森林阳光土路风景桌面壁纸
http://i1.umei.cc/uploads/tu/201812/9999/rne9c4f5185e.jpg,哈咪猫猪你快乐卡通桌面壁纸
http://i1.umei.cc/uploads/tu/201812/9999/rn98082a1bee.jpg,简约风格你好七月小清新唯美手机壁纸下载
http://i1.umei.cc/uploads/tu/201901/9999/rn5ca5d438b5.jpg,卡通动漫中的各色女主图片
http://i1.umei.cc/uploads/tu/201901/9999/rn15e10e2fba.jpg,大眼萌小黄人卡通电影图片
http://i1.umei.cc/uploads/tu/201901/9999/rnfb1e554b30.jpg,手绘动漫鬼刀wlop壁纸图片
http://i1.umei.cc/uploads/tu/201901/9999/rn40f12f93a7.jpg,动漫里的美食满满的治愈颜色图片
http://i1.umei.cc/uploads/tu/201901/9999/rn7dd5b198e2.jpg,海贼王精美同人图第八弹
http://i1.umei.cc/uploads/tu/201901/9999/rn85b8ed14d4.jpg,好看的动漫唯美女生图片
http://i1.umei.cc/uploads/tu/201901/9999/rn6954db09e8.png,我喜欢的始终都是你可爱的动漫图片
http://i1.umei.cc/uploads/tu/201901/9999/rn30fbd6ca25.jpg,唯美古风少女动漫图片
http://i1.umei.cc/uploads/tu/201901/9999/rn73a0668c95.jpg,宫古芳香东方女孩动漫壁纸下载
http://i1.umei.cc/uploads/tu/201901/9999/6f1173e90e.jpg,定春咬银桑的图片银魂宠物狗定春高清动漫图片
http://i1.umei.cc/uploads/tu/201812/9999/rn7421f8ce7f.jpg,动漫火影旗木卡卡西实力图片大全
http://i1.umei.cc/uploads/tu/201812/9999/rn8af310c2c5.jpg,Hanayo Koizumi校服图片 LoveLive花阳酱校服动漫图片
http://i1.umei.cc/uploads/tu/201901/9999/rn61507304de.gif,一看就不是什么正经的女人爆笑图片
http://i1.umei.cc/uploads/tu/201901/9999/rn34195a6706.gif,菊花开花绽放搞笑动态图片
http://i1.umei.cc/uploads/tu/201901/9999/rnd180f9c0f9.jpg,世界杯爆笑图片合集
http://i1.umei.cc/uploads/tu/201901/9999/rnd869158a96.jpg,哈哈哈是真的狗爆笑图片
http://i1.umei.cc/uploads/tu/201901/9999/rn51e367870b.jpg,如果养狗 就养这样的
http://i1.umei.cc/uploads/tu/201901/9999/rn116e42753e.jpg,你们得感谢这阵风
http://i1.umei.cc/uploads/tu/201901/9999/rn892271c366.jpg,姐姐我想上车爆笑图片
http://i1.umei.cc/uploads/tu/201901/9999/rnf76c518e42.jpg,这样看起来是很潮爆笑图片
http://i1.umei.cc/uploads/tu/201901/9999/rnc2ebf9a84a.png,马桶眼里的你爆笑图片
http://i1.umei.cc/uploads/tu/201901/9999/rn29a9b3a831.jpg,哪能得到这旷世奇书爆笑图片
http://i1.umei.cc/uploads/tu/201901/9999/rn5c574a49b0.jpg,很方便的一条龙服务啊爆笑图片
http://i1.umei.cc/uploads/tu/201812/9999/rn70f5072158.jpg,看着就头晕的
http://i1.umei.cc/uploads/tu/201901/10149/zc1zc6aqq.jpg,国产美女小萝莉俏皮可爱白皙美腿私房写真
http://i1.umei.cc/uploads/tu/201901/10135/z6c1a6qz.jpg,日系美女萝莉校园制服唯美小清新写真
http://i1.umei.cc/uploads/tu/201806/9999/59380bf19c.jpg,风吹屁屁凉 -- 岛国妹子的一天纪实 （上）[115P]
http://i1.umei.cc/uploads/tu/201812/9999/rna28dd6d172.jpg,日系小清新美女大学生清新甜生私房照片
http://i1.umei.cc/uploads/tu/201901/10096/z6c1a8sq.jpg,台湾美女模特衬衣丸子头慵懒居家私房写真
http://i1.umei.cc/uploads/tu/201901/10083/zc1as56q .jpg,国产短发美女香肩吊带卧室唯美写真
http://i1.umei.cc/uploads/tu/201901/10079/cadwq656_看图王.jpg,日系美女萝莉美腿热裤居家唯美写真
http://i1.umei.cc/uploads/tu/201901/10068/z6c1a8s6q.jpg,高颜值台湾正妹大秀深邃事业线性感写真
http://i1.umei.cc/uploads/tu/201901/10028/cz4sa94dwq3.jpg,韩国美女素雅清新居家唯美大胆写真
http://i1.umei.cc/uploads/tu/201901/10014/zc6189qwd.jpg,国产校园风美女美腿黑丝撩人眼神唯美写真
http://i1.umei.cc/uploads/tu/201901/10002/caodq91_看图王.jpg,中国最美校花教室白丝红毛衣唯美写真
http://i1.umei.cc/uploads/tu/201812/10325/czu18adwq.jpg,台湾美女萝莉唯美养眼私房写真
link,title
,
http://i1.umei.cc/uploads/tu/201705/22/slt1.png,山水风景
http://i1.umei.cc/uploads/tu/201705/22/slt2.png,海边风景
http://i1.umei.cc/uploads/tu/201705/22/slt3.png,自然风景
http://i1.umei.cc/uploads/tu/201705/22/slt4.png,美丽风景
http://i1.umei.cc/uploads/tu/201705/22/slt5.png,旅游风景
http://i1.umei.cc/uploads/tu/201705/22/slt6.png,城市风景
http://i1.umei.cc/uploads/tu/201705/22/slt7.png,秋天风景
http://i1.umei.cc/uploads/tu/201705/22/slt8.png,建筑风景
http://i1.umei.cc/uploads/tu/201705/22/slt9.png,夜景图片
http://i1.umei.cc/uploads/tu/201705/22/slt10.png,雪景图片
http://i1.umei.cc/uploads/tu/201901/9999/rn6d741fe661.jpg,时尚潮流的情侣浪漫爱情图片
http://i1.umei.cc/uploads/tu/201901/9999/rn067fcacbe0.jpg,唯美的冷色调意境图片
http://i1.umei.cc/uploads/tu/201901/9999/rnc7defb1c37.png,可爱的棉花糖小清新图片
http://i1.umei.cc/uploads/tu/201901/9999/rn9436953f2c.jpg,愿明年春暖花开你在身边爱情图片
http://i1.umei.cc/uploads/tu/201901/9999/rn566f195e7c.jpg,人生充满了各种惊奇缤纷色彩唯美图片
http://i1.umei.cc/uploads/tu/201901/9999/rn87bdce3f62.jpg,蓝天白云 软绵绵的喜欢
http://i1.umei.cc/uploads/tu/201901/9999/rn88a6fd0fd7.jpg,想住在大落地窗的房间欧美意境图片
http://i1.umei.cc/uploads/tu/201901/9999/rn5877586a21.jpg,世界上最远的距离唯美伤感意境图片
http://i1.umei.cc/uploads/tu/201901/9999/rn44db653b39.jpg,三亚水下婚纱摄影图片
http://i1.umei.cc/uploads/tu/201901/9999/rn3b509f883e.jpg,我的最爱欧式婚纱
http://i1.umei.cc/uploads/tu/201812/9999/rn631bef4ace.jpg,云中客游旧山河，遍访仙人寻烟萝
http://i1.umei.cc/uploads/tu/201812/9999/rn9e3eab9877.jpg,有些事我没忘 只不过要深藏。
http://i1.umei.cc/uploads/tu/201901/9999/rn6d9fef8b78.jpg,​黑龙江镜泊湖靓丽风景壁纸图片
http://i1.umei.cc/uploads/tu/201901/9999/rn45abddba1e.jpg,唯美的美女海滩冲浪高清电脑桌面壁纸
http://i1.umei.cc/uploads/tu/201901/9999/rn33eed9f59e.jpg,韩式风格婚纱照新娘美女壁纸
http://i1.umei.cc/uploads/tu/201901/9999/rnbf7245534c.jpg,可爱卡通高清桌面壁纸之七夕情人节
http://i1.umei.cc/uploads/tu/201901/9999/rn341742238b.jpg,植物高清壁纸之绿色嫩芽
http://i1.umei.cc/uploads/tu/201901/9999/rn739bb1a7cc.jpg,宁静的窗台花儿壁纸
http://i1.umei.cc/uploads/tu/201901/9999/rn274df136d0.jpg,小西红色礼服性感美女壁纸
http://i1.umei.cc/uploads/tu/201901/9999/rnbaf3467f2d.jpg,美女明星刘诗诗高清壁纸图片下载
http://i1.umei.cc/uploads/tu/201901/9999/rn8cbf8f879e.jpg,绚丽彩色的高清电脑桌面壁纸
http://i1.umei.cc/uploads/tu/201901/9999/rn52ecb90040.jpg,森林阳光土路风景桌面壁纸
http://i1.umei.cc/uploads/tu/201812/9999/rne9c4f5185e.jpg,哈咪猫猪你快乐卡通桌面壁纸
http://i1.umei.cc/uploads/tu/201812/9999/rn98082a1bee.jpg,简约风格你好七月小清新唯美手机壁纸下载
http://i1.umei.cc/uploads/tu/201901/9999/rn5ca5d438b5.jpg,卡通动漫中的各色女主图片
http://i1.umei.cc/uploads/tu/201901/9999/rn15e10e2fba.jpg,大眼萌小黄人卡通电影图片
http://i1.umei.cc/uploads/tu/201901/9999/rnfb1e554b30.jpg,手绘动漫鬼刀wlop壁纸图片
http://i1.umei.cc/uploads/tu/201901/9999/rn40f12f93a7.jpg,动漫里的美食满满的治愈颜色图片
http://i1.umei.cc/uploads/tu/201901/9999/rn7dd5b198e2.jpg,海贼王精美同人图第八弹
http://i1.umei.cc/uploads/tu/201901/9999/rn85b8ed14d4.jpg,好看的动漫唯美女生图片
http://i1.umei.cc/uploads/tu/201901/9999/rn6954db09e8.png,我喜欢的始终都是你可爱的动漫图片
http://i1.umei.cc/uploads/tu/201901/9999/rn30fbd6ca25.jpg,唯美古风少女动漫图片
http://i1.umei.cc/uploads/tu/201901/9999/rn73a0668c95.jpg,宫古芳香东方女孩动漫壁纸下载
http://i1.umei.cc/uploads/tu/201901/9999/6f1173e90e.jpg,定春咬银桑的图片银魂宠物狗定春高清动漫图片
http://i1.umei.cc/uploads/tu/201812/9999/rn7421f8ce7f.jpg,动漫火影旗木卡卡西实力图片大全
http://i1.umei.cc/uploads/tu/201812/9999/rn8af310c2c5.jpg,Hanayo Koizumi校服图片 LoveLive花阳酱校服动漫图片
http://i1.umei.cc/uploads/tu/201901/9999/rn61507304de.gif,一看就不是什么正经的女人爆笑图片
http://i1.umei.cc/uploads/tu/201901/9999/rn34195a6706.gif,菊花开花绽放搞笑动态图片
http://i1.umei.cc/uploads/tu/201901/9999/rnd180f9c0f9.jpg,世界杯爆笑图片合集
http://i1.umei.cc/uploads/tu/201901/9999/rnd869158a96.jpg,哈哈哈是真的狗爆笑图片
http://i1.umei.cc/uploads/tu/201901/9999/rn51e367870b.jpg,如果养狗 就养这样的
http://i1.umei.cc/uploads/tu/201901/9999/rn116e42753e.jpg,你们得感谢这阵风
http://i1.umei.cc/uploads/tu/201901/9999/rn892271c366.jpg,姐姐我想上车爆笑图片
http://i1.umei.cc/uploads/tu/201901/9999/rnf76c518e42.jpg,这样看起来是很潮爆笑图片
http://i1.umei.cc/uploads/tu/201901/9999/rnc2ebf9a84a.png,马桶眼里的你爆笑图片
http://i1.umei.cc/uploads/tu/201901/9999/rn29a9b3a831.jpg,哪能得到这旷世奇书爆笑图片
http://i1.umei.cc/uploads/tu/201901/9999/rn5c574a49b0.jpg,很方便的一条龙服务啊爆笑图片
http://i1.umei.cc/uploads/tu/201812/9999/rn70f5072158.jpg,看着就头晕的
http://i1.umei.cc/uploads/tu/201901/10149/zc1zc6aqq.jpg,国产美女小萝莉俏皮可爱白皙美腿私房写真
http://i1.umei.cc/uploads/tu/201901/10135/z6c1a6qz.jpg,日系美女萝莉校园制服唯美小清新写真
http://i1.umei.cc/uploads/tu/201806/9999/59380bf19c.jpg,风吹屁屁凉 -- 岛国妹子的一天纪实 （上）[115P]
http://i1.umei.cc/uploads/tu/201812/9999/rna28dd6d172.jpg,日系小清新美女大学生清新甜生私房照片
http://i1.umei.cc/uploads/tu/201901/10096/z6c1a8sq.jpg,台湾美女模特衬衣丸子头慵懒居家私房写真
http://i1.umei.cc/uploads/tu/201901/10083/zc1as56q .jpg,国产短发美女香肩吊带卧室唯美写真
http://i1.umei.cc/uploads/tu/201901/10079/cadwq656_看图王.jpg,日系美女萝莉美腿热裤居家唯美写真
http://i1.umei.cc/uploads/tu/201901/10068/z6c1a8s6q.jpg,高颜值台湾正妹大秀深邃事业线性感写真
http://i1.umei.cc/uploads/tu/201901/10028/cz4sa94dwq3.jpg,韩国美女素雅清新居家唯美大胆写真
http://i1.umei.cc/uploads/tu/201901/10014/zc6189qwd.jpg,国产校园风美女美腿黑丝撩人眼神唯美写真
http://i1.umei.cc/uploads/tu/201901/10002/caodq91_看图王.jpg,中国最美校花教室白丝红毛衣唯美写真
http://i1.umei.cc/uploads/tu/201812/10325/czu18adwq.jpg,台湾美女萝莉唯美养眼私房写真
