image_paths,image_urls,images
,https://img.aitaotu.cc:8089/Pics/2016/0704/16/01.jpg,
,https://img.aitaotu.cc:8089/Pics/2016/0307/20/01.jpg,
,https://img.aitaotu.cc:8089/Pics/2016/0307/20/02.jpg,
,https://img.aitaotu.cc:8089/Pics/2016/0213/04/01.jpg,
,https://img.aitaotu.cc:8089/Pics/2016/0617/13/01.jpg,
,https://img.aitaotu.cc:8089/Pics/2016/0617/13/02.jpg,
,https://img.aitaotu.cc:8089/Pics/2016/0303/16/01.jpg,
,https://img.aitaotu.cc:8089/Pics/2016/0719/16/01.jpg,
,https://img.aitaotu.cc:8089/Pics/2016/0210/03/01.jpg,
,https://img.aitaotu.cc:8089/Pics/2016/0803/15/01.jpg,
,https://img.aitaotu.cc:8089/Pics/2016/0803/15/02.jpg,
,https://img.aitaotu.cc:8089/Pics/2016/0831/15/01.jpg,
,https://img.aitaotu.cc:8089/Pics/2016/1101/13/01.jpg,
,https://img.aitaotu.cc:8089/Pics/2016/0918/14/01.jpg,
,https://img.aitaotu.cc:8089/Pics/2016/0918/14/02.jpg,
,https://img.aitaotu.cc:8089/Pics/2016/1010/13/01.jpg,
,https://img.aitaotu.cc:8089/Pics/2016/0504/37/01.jpg,
,https://img.aitaotu.cc:8089/Pics/2017/0104/11/01.jpg,
,https://img.aitaotu.cc:8089/Pics/2016/0329/15/01.jpg,
,https://img.aitaotu.cc:8089/Pics/2017/0305/03/03.jpg,
,https://img.aitaotu.cc:8089/Pics/2017/0122/12/02.jpg,
,https://img.aitaotu.cc:8089/Pics/2017/0122/12/04.jpg,
,https://img.aitaotu.cc:8089/Pics/2017/0309/13/01.jpg,
,https://img.aitaotu.cc:8089/Pics/2017/0309/13/02.jpg,
,https://img.aitaotu.cc:8089/Pics/2017/0324/15/02.jpg,
,https://img.aitaotu.cc:8089/Pics/2017/0324/15/03.jpg,
,https://img.aitaotu.cc:8089/Pics/2017/0124/14/02.jpg,
,https://img.aitaotu.cc:8089/Pics/2015/0525/32/01.jpg,
,https://img.aitaotu.cc:8089/Pics/2015/0525/32/02.jpg,
,https://img.aitaotu.cc:8089/Pics/2015/0525/32/03.jpg,
,https://img.aitaotu.cc:8089/Pics/2015/0525/32/04.jpg,
,https://img.aitaotu.cc:8089/Pics/2015/0603/25/01.jpg,
,https://img.aitaotu.cc:8089/Pics/2015/0603/25/02.jpg,
,https://img.aitaotu.cc:8089/Pics/2015/0603/25/03.jpg,
,https://img.aitaotu.cc:8089/Pics/2015/0603/25/04.jpg,
,https://img.aitaotu.cc:8089/Pics/2015/0615/33/05.jpg,
,https://img.aitaotu.cc:8089/Pics/2015/0615/33/06.jpg,
,https://img.aitaotu.cc:8089/Pics/2015/0615/33/07.jpg,
,https://img.aitaotu.cc:8089/Pics/2015/0615/33/08.jpg,
,https://img.aitaotu.cc:8089/Pics/2015/0626/41/01.jpg,
,https://img.aitaotu.cc:8089/Pics/2015/0626/41/02.jpg,
,https://img.aitaotu.cc:8089/Pics/2015/0626/41/03.jpg,
,https://img.aitaotu.cc:8089/Pics/2015/0626/41/04.jpg,
,https://img.aitaotu.cc:8089/Pics/2015/0706/40/01.jpg,
,https://img.aitaotu.cc:8089/Pics/2015/0706/40/02.jpg,
,https://img.aitaotu.cc:8089/Pics/2015/0706/40/03.jpg,
,https://img.aitaotu.cc:8089/Pics/2015/0706/40/04.jpg,
,https://img.aitaotu.cc:8089/Pics/2015/0729/53/01.jpg,
,https://img.aitaotu.cc:8089/Pics/2015/0729/53/02.jpg,
,https://img.aitaotu.cc:8089/Pics/2015/0819/32/01.jpg,
,https://img.aitaotu.cc:8089/Pics/2015/0819/32/02.jpg,
,https://img.aitaotu.cc:8089/Pics/2016/0213/04/02.jpg,
,https://img.aitaotu.cc:8089/Pics/2016/0719/16/02.jpg,
,https://img.aitaotu.cc:8089/Pics/2016/0210/03/02.jpg,
,https://img.aitaotu.cc:8089/Pics/2016/0303/16/02.jpg,
,https://img.aitaotu.cc:8089/Pics/2016/0617/13/03.jpg,
,https://img.aitaotu.cc:8089/Pics/2016/0617/13/04.jpg,
,https://img.aitaotu.cc:8089/Pics/2016/0704/16/02.jpg,
,https://img.aitaotu.cc:8089/Pics/2015/0907/24/01.jpg,
,https://img.aitaotu.cc:8089/Pics/2016/0307/20/03.jpg,
,https://img.aitaotu.cc:8089/Pics/2016/0307/20/04.jpg,
,https://img.aitaotu.cc:8089/Pics/2017/0104/11/02.jpg,
,https://img.aitaotu.cc:8089/Pics/2016/0504/37/02.jpg,
,https://img.aitaotu.cc:8089/Pics/2016/0329/15/02.jpg,
,https://img.aitaotu.cc:8089/Pics/2016/1010/13/02.jpg,
,https://img.aitaotu.cc:8089/Pics/2016/0918/14/03.jpg,
,https://img.aitaotu.cc:8089/Pics/2016/0918/14/04.jpg,
,https://img.aitaotu.cc:8089/Pics/2016/1101/13/02.jpg,
,https://img.aitaotu.cc:8089/Pics/2016/0831/15/02.jpg,
,https://img.aitaotu.cc:8089/Pics/2016/0803/15/03.jpg,
,https://img.aitaotu.cc:8089/Pics/2016/0803/15/04.jpg,
,https://img.aitaotu.cc:8089/Pics/2015/0420/10/01.jpg,
,https://img.aitaotu.cc:8089/Pics/2015/0420/10/02.jpg,
,https://img.aitaotu.cc:8089/Pics/2015/0420/10/03.jpg,
,https://img.aitaotu.cc:8089/Pics/2015/0420/11/01.jpg,
,https://img.aitaotu.cc:8089/Pics/2015/0420/11/02.jpg,
,https://img.aitaotu.cc:8089/Pics/2015/0420/11/03.jpg,
,https://img.aitaotu.cc:8089/Pics/2015/0420/11/04.jpg,
,https://img.aitaotu.cc:8089/Pics/2015/0420/13/01.jpg,
,https://img.aitaotu.cc:8089/Pics/2015/0420/13/02.jpg,
,https://img.aitaotu.cc:8089/Pics/2015/0420/13/04.jpg,
,https://img.aitaotu.cc:8089/Pics/2015/0420/13/05.jpg,
,https://img.aitaotu.cc:8089/Pics/2015/0420/14/01.jpg,
,https://img.aitaotu.cc:8089/Pics/2015/0420/14/02.jpg,
,https://img.aitaotu.cc:8089/Pics/2015/0420/14/03.jpg,
,https://img.aitaotu.cc:8089/Pics/2015/0420/14/04.jpg,
,https://img.aitaotu.cc:8089/Pics/2015/0420/10/04.jpg,
,https://img.aitaotu.cc:8089/Pics/2015/0420/12/01.jpg,
,https://img.aitaotu.cc:8089/Pics/2015/0420/12/02.jpg,
,https://img.aitaotu.cc:8089/Pics/2015/0420/12/03.jpg,
,https://img.aitaotu.cc:8089/Pics/2015/0420/12/04.jpg,
,https://img.aitaotu.cc:8089/Pics/2015/0420/15/01.jpg,
,https://img.aitaotu.cc:8089/Pics/2015/0420/15/02.jpg,
,https://img.aitaotu.cc:8089/Pics/2015/0420/15/03.jpg,
,https://img.aitaotu.cc:8089/Pics/2015/0420/15/04.jpg,
,https://img.aitaotu.cc:8089/Pics/2015/0420/16/01.jpg,
,https://img.aitaotu.cc:8089/Pics/2015/0420/16/02.jpg,
,https://img.aitaotu.cc:8089/Pics/2015/0420/16/03.jpg,
,https://img.aitaotu.cc:8089/Pics/2015/0420/16/04.jpg,
,https://img.aitaotu.cc:8089/Pics/2015/0420/17/01.jpg,
,https://img.aitaotu.cc:8089/Pics/2015/0420/17/02.jpg,
,https://img.aitaotu.cc:8089/Pics/2015/0420/17/03.jpg,
,https://img.aitaotu.cc:8089/Pics/2015/0420/17/04.jpg,
,https://img.aitaotu.cc:8089/Pics/2015/0819/32/03.jpg,
,https://img.aitaotu.cc:8089/Pics/2015/0819/32/04.jpg,
,https://img.aitaotu.cc:8089/Pics/2015/0729/53/03.jpg,
,https://img.aitaotu.cc:8089/Pics/2015/0729/53/05.jpg,
,https://img.aitaotu.cc:8089/Pics/2015/0706/40/05.jpg,
,https://img.aitaotu.cc:8089/Pics/2015/0706/40/09.jpg,
,https://img.aitaotu.cc:8089/Pics/2015/0706/40/10.jpg,
,https://img.aitaotu.cc:8089/Pics/2015/0706/40/11.jpg,
,https://img.aitaotu.cc:8089/Pics/2015/0603/25/05.jpg,
,https://img.aitaotu.cc:8089/Pics/2015/0603/25/06.jpg,
,https://img.aitaotu.cc:8089/Pics/2015/0603/25/07.jpg,
,https://img.aitaotu.cc:8089/Pics/2015/0603/25/08.jpg,
,https://img.aitaotu.cc:8089/Pics/2015/0615/33/09.jpg,
,https://img.aitaotu.cc:8089/Pics/2015/0615/33/10.jpg,
,https://img.aitaotu.cc:8089/Pics/2015/0615/33/11.jpg,
,https://img.aitaotu.cc:8089/Pics/2015/0615/33/19.jpg,
,https://img.aitaotu.cc:8089/Pics/2015/0525/32/05.jpg,
,https://img.aitaotu.cc:8089/Pics/2015/0525/32/06.jpg,
,https://img.aitaotu.cc:8089/Pics/2015/0525/32/07.jpg,
,https://img.aitaotu.cc:8089/Pics/2015/0525/32/08.jpg,
,https://img.aitaotu.cc:8089/Pics/2015/0626/41/05.jpg,
,https://img.aitaotu.cc:8089/Pics/2015/0626/41/06.jpg,
,https://img.aitaotu.cc:8089/Pics/2015/0626/41/11.jpg,
,https://img.aitaotu.cc:8089/Pics/2015/0626/41/29.jpg,
,https://img.aitaotu.cc:8089/Pics/2015/0420/07/01.jpg,
,https://img.aitaotu.cc:8089/Pics/2015/0420/07/02.jpg,
,https://img.aitaotu.cc:8089/Pics/2015/0420/07/03.jpg,
,https://img.aitaotu.cc:8089/Pics/2015/0420/07/04.jpg,
,https://img.aitaotu.cc:8089/Pics/2015/0420/08/01.jpg,
,https://img.aitaotu.cc:8089/Pics/2015/0420/08/02.jpg,
,https://img.aitaotu.cc:8089/Pics/2015/0420/08/03.jpg,
,https://img.aitaotu.cc:8089/Pics/2015/0420/08/04.jpg,
,https://img.aitaotu.cc:8089/Pics/2015/0420/18/01.jpg,
,https://img.aitaotu.cc:8089/Pics/2015/0420/18/02.jpg,
,https://img.aitaotu.cc:8089/Pics/2015/0420/18/03.jpg,
,https://img.aitaotu.cc:8089/Pics/2015/0420/18/04.jpg,
,https://img.aitaotu.cc:8089/Pics/2015/0420/19/02.jpg,
,https://img.aitaotu.cc:8089/Pics/2015/0420/19/03.jpg,
,https://img.aitaotu.cc:8089/Pics/2015/0420/19/04.jpg,
,https://img.aitaotu.cc:8089/Pics/2015/0420/19/06.jpg,
,https://img.aitaotu.cc:8089/Pics/2015/0420/20/01.jpg,
,https://img.aitaotu.cc:8089/Pics/2015/0420/20/02.jpg,
,https://img.aitaotu.cc:8089/Pics/2015/0420/20/03.jpg,
,https://img.aitaotu.cc:8089/Pics/2015/0420/20/04.jpg,
,https://img.aitaotu.cc:8089/Pics/2015/0420/22/01.jpg,
,https://img.aitaotu.cc:8089/Pics/2015/0420/22/02.jpg,
,https://img.aitaotu.cc:8089/Pics/2015/0420/22/03.jpg,
,https://img.aitaotu.cc:8089/Pics/2015/0420/22/04.jpg,
,https://img.aitaotu.cc:8089/Pics/2015/0420/09/01.jpg,
,https://img.aitaotu.cc:8089/Pics/2015/0420/09/03.jpg,
,https://img.aitaotu.cc:8089/Pics/2015/0420/09/04.jpg,
,https://img.aitaotu.cc:8089/Pics/2015/0420/09/05.jpg,
,https://img.aitaotu.cc:8089/Pics/2015/0420/25/01.jpg,
,https://img.aitaotu.cc:8089/Pics/2015/0420/25/02.jpg,
,https://img.aitaotu.cc:8089/Pics/2015/0420/25/03.jpg,
,https://img.aitaotu.cc:8089/Pics/2015/0420/25/04.jpg,
,https://img.aitaotu.cc:8089/Pics/2015/0420/10/05.jpg,
,https://img.aitaotu.cc:8089/Pics/2015/0420/10/06.jpg,
,https://img.aitaotu.cc:8089/Pics/2015/0420/10/07.jpg,
,https://img.aitaotu.cc:8089/Pics/2015/0420/10/08.jpg,
,https://img.aitaotu.cc:8089/Pics/2015/0420/14/05.jpg,
,https://img.aitaotu.cc:8089/Pics/2015/0420/14/06.jpg,
,https://img.aitaotu.cc:8089/Pics/2015/0420/14/07.jpg,
,https://img.aitaotu.cc:8089/Pics/2015/0420/14/08.jpg,
,https://img.aitaotu.cc:8089/Pics/2015/0420/12/05.jpg,
,https://img.aitaotu.cc:8089/Pics/2015/0420/12/06.jpg,
,https://img.aitaotu.cc:8089/Pics/2015/0420/12/07.jpg,
,https://img.aitaotu.cc:8089/Pics/2015/0420/12/08.jpg,
,https://img.aitaotu.cc:8089/Pics/2015/0420/17/05.jpg,
,https://img.aitaotu.cc:8089/Pics/2015/0420/17/06.jpg,
,https://img.aitaotu.cc:8089/Pics/2015/0420/17/07.jpg,
,https://img.aitaotu.cc:8089/Pics/2015/0420/17/08.jpg,
,https://img.aitaotu.cc:8089/Pics/2015/0420/13/06.jpg,
,https://img.aitaotu.cc:8089/Pics/2015/0420/13/07.jpg,
,https://img.aitaotu.cc:8089/Pics/2015/0420/13/17.jpg,
,https://img.aitaotu.cc:8089/Pics/2015/0420/13/20.jpg,
,https://img.aitaotu.cc:8089/Pics/2015/0420/11/05.jpg,
,https://img.aitaotu.cc:8089/Pics/2015/0420/11/08.jpg,
,https://img.aitaotu.cc:8089/Pics/2015/0420/11/11.jpg,
,https://img.aitaotu.cc:8089/Pics/2015/0420/11/12.jpg,
,https://img.aitaotu.cc:8089/Pics/2015/0907/24/02.jpg,
,https://img.aitaotu.cc:8089/Pics/2015/0420/15/05.jpg,
,https://img.aitaotu.cc:8089/Pics/2015/0420/15/06.jpg,
,https://img.aitaotu.cc:8089/Pics/2015/0420/15/07.jpg,
,https://img.aitaotu.cc:8089/Pics/2015/0420/15/08.jpg,
,https://img.aitaotu.cc:8089/Pics/2015/0420/26/01.jpg,
,https://img.aitaotu.cc:8089/Pics/2015/0420/26/02.jpg,
,https://img.aitaotu.cc:8089/Pics/2015/0420/26/03.jpg,
,https://img.aitaotu.cc:8089/Pics/2015/0420/26/04.jpg,
,https://img.aitaotu.cc:8089/Pics/2015/0420/24/04.jpg,
,https://img.aitaotu.cc:8089/Pics/2015/0420/24/05.jpg,
,https://img.aitaotu.cc:8089/Pics/2015/0420/24/06.jpg,
,https://img.aitaotu.cc:8089/Pics/2015/0420/24/07.jpg,
,https://img.aitaotu.cc:8089/Pics/2015/0430/01/01.jpg,
,https://img.aitaotu.cc:8089/Pics/2015/0430/01/02.jpg,
,https://img.aitaotu.cc:8089/Pics/2015/0430/01/03.jpg,
,https://img.aitaotu.cc:8089/Pics/2015/0430/01/04.jpg,
,https://img.aitaotu.cc:8089/Pics/2015/0429/28/01.jpg,
,https://img.aitaotu.cc:8089/Pics/2015/0429/28/02.jpg,
,https://img.aitaotu.cc:8089/Pics/2015/0429/28/03.jpg,
,https://img.aitaotu.cc:8089/Pics/2015/0429/28/04.jpg,
,https://img.aitaotu.cc:8089/Pics/2015/0420/16/05.jpg,
,https://img.aitaotu.cc:8089/Pics/2015/0420/16/06.jpg,
,https://img.aitaotu.cc:8089/Pics/2015/0420/16/07.jpg,
,https://img.aitaotu.cc:8089/Pics/2015/0420/16/08.jpg,
,https://img.aitaotu.cc:8089/Pics/2015/0417/08/01.jpg,
,https://img.aitaotu.cc:8089/Pics/2015/0417/08/02.jpg,
,https://img.aitaotu.cc:8089/Pics/2015/0417/08/03.jpg,
,https://img.aitaotu.cc:8089/Pics/2015/0417/08/04.jpg,
,https://img.aitaotu.cc:8089/Pics/2015/0417/07/01.jpg,
,https://img.aitaotu.cc:8089/Pics/2015/0417/07/02.jpg,
,https://img.aitaotu.cc:8089/Pics/2015/0417/07/03.jpg,
,https://img.aitaotu.cc:8089/Pics/2015/0417/07/04.jpg,
,https://img.aitaotu.cc:8089/Pics/2015/0420/07/06.jpg,
,https://img.aitaotu.cc:8089/Pics/2015/0420/07/07.jpg,
,https://img.aitaotu.cc:8089/Pics/2015/0420/07/12.jpg,
,https://img.aitaotu.cc:8089/Pics/2015/0420/07/14.jpg,
,https://img.aitaotu.cc:8089/Pics/2015/0417/09/01.jpg,
,https://img.aitaotu.cc:8089/Pics/2015/0417/09/02.jpg,
,https://img.aitaotu.cc:8089/Pics/2015/0417/09/03.jpg,
,https://img.aitaotu.cc:8089/Pics/2015/0417/09/04.jpg,
,https://img.aitaotu.cc:8089/Pics/2015/0420/20/05.jpg,
,https://img.aitaotu.cc:8089/Pics/2015/0420/20/06.jpg,
,https://img.aitaotu.cc:8089/Pics/2015/0420/20/07.jpg,
,https://img.aitaotu.cc:8089/Pics/2015/0420/20/12.jpg,
,https://img.aitaotu.cc:8089/Pics/2015/0420/25/05.jpg,
,https://img.aitaotu.cc:8089/Pics/2015/0420/25/06.jpg,
,https://img.aitaotu.cc:8089/Pics/2015/0420/25/07.jpg,
,https://img.aitaotu.cc:8089/Pics/2015/0420/25/08.jpg,
,https://img.aitaotu.cc:8089/Pics/2015/0420/19/07.jpg,
,https://img.aitaotu.cc:8089/Pics/2015/0420/19/08.jpg,
,https://img.aitaotu.cc:8089/Pics/2015/0420/19/11.jpg,
,https://img.aitaotu.cc:8089/Pics/2015/0420/19/12.jpg,
,https://img.aitaotu.cc:8089/Pics/2015/0420/08/05.jpg,
,https://img.aitaotu.cc:8089/Pics/2015/0420/08/06.jpg,
,https://img.aitaotu.cc:8089/Pics/2015/0420/08/07.jpg,
,https://img.aitaotu.cc:8089/Pics/2015/0420/08/08.jpg,
,https://img.aitaotu.cc:8089/Pics/2015/0417/10/01.jpg,
,https://img.aitaotu.cc:8089/Pics/2015/0417/10/02.jpg,
,https://img.aitaotu.cc:8089/Pics/2015/0417/10/03.jpg,
,https://img.aitaotu.cc:8089/Pics/2015/0417/10/04.jpg,
,https://img.aitaotu.cc:8089/Pics/2015/0418/01/01.jpg,
,https://img.aitaotu.cc:8089/Pics/2015/0418/01/02.jpg,
,https://img.aitaotu.cc:8089/Pics/2015/0418/01/03.jpg,
,https://img.aitaotu.cc:8089/Pics/2015/0418/01/04.jpg,
,https://img.aitaotu.cc:8089/Pics/2015/0420/18/05.jpg,
,https://img.aitaotu.cc:8089/Pics/2015/0420/18/06.jpg,
,https://img.aitaotu.cc:8089/Pics/2015/0420/18/07.jpg,
,https://img.aitaotu.cc:8089/Pics/2015/0420/18/08.jpg,
,https://img.aitaotu.cc:8089/Pics/2015/0420/09/06.jpg,
,https://img.aitaotu.cc:8089/Pics/2015/0420/09/07.jpg,
,https://img.aitaotu.cc:8089/Pics/2015/0420/09/08.jpg,
,https://img.aitaotu.cc:8089/Pics/2015/0420/09/10.jpg,
,https://img.aitaotu.cc:8089/Pics/2015/0420/22/05.jpg,
,https://img.aitaotu.cc:8089/Pics/2015/0420/22/07.jpg,
,https://img.aitaotu.cc:8089/Pics/2015/0420/22/09.jpg,
,https://img.aitaotu.cc:8089/Pics/2015/0420/22/14.jpg,
,https://img.aitaotu.cc:8089/Pics/2015/0418/05/01.jpg,
,https://img.aitaotu.cc:8089/Pics/2015/0418/05/02.jpg,
,https://img.aitaotu.cc:8089/Pics/2015/0418/05/03.jpg,
,https://img.aitaotu.cc:8089/Pics/2015/0418/05/04.jpg,
,https://img.aitaotu.cc:8089/Pics/2015/0420/24/08.jpg,
,https://img.aitaotu.cc:8089/Pics/2015/0420/24/09.jpg,
,https://img.aitaotu.cc:8089/Pics/2015/0420/24/11.jpg,
,https://img.aitaotu.cc:8089/Pics/2015/0420/24/12.jpg,
,https://img.aitaotu.cc:8089/Pics/2015/0418/02/01.jpg,
,https://img.aitaotu.cc:8089/Pics/2015/0418/02/02.jpg,
,https://img.aitaotu.cc:8089/Pics/2015/0418/02/03.jpg,
,https://img.aitaotu.cc:8089/Pics/2015/0418/02/04.jpg,
,https://img.aitaotu.cc:8089/Pics/2015/0418/03/01.jpg,
,https://img.aitaotu.cc:8089/Pics/2015/0418/03/02.jpg,
,https://img.aitaotu.cc:8089/Pics/2015/0418/03/03.jpg,
,https://img.aitaotu.cc:8089/Pics/2015/0418/03/04.jpg,
,https://img.aitaotu.cc:8089/Pics/2015/0418/04/01.jpg,
,https://img.aitaotu.cc:8089/Pics/2015/0418/04/02.jpg,
,https://img.aitaotu.cc:8089/Pics/2015/0418/04/03.jpg,
,https://img.aitaotu.cc:8089/Pics/2015/0418/04/04.jpg,
,https://img.aitaotu.cc:8089/Pics/2015/0418/06/01.jpg,
,https://img.aitaotu.cc:8089/Pics/2015/0418/06/02.jpg,
,https://img.aitaotu.cc:8089/Pics/2015/0418/06/03.jpg,
,https://img.aitaotu.cc:8089/Pics/2015/0418/06/04.jpg,
,https://img.aitaotu.cc:8089/Pics/2015/0429/28/05.jpg,
,https://img.aitaotu.cc:8089/Pics/2015/0429/28/06.jpg,
,https://img.aitaotu.cc:8089/Pics/2015/0429/28/07.jpg,
,https://img.aitaotu.cc:8089/Pics/2015/0429/28/08.jpg,
,https://img.aitaotu.cc:8089/Pics/2015/0430/01/05.jpg,
,https://img.aitaotu.cc:8089/Pics/2015/0430/01/06.jpg,
,https://img.aitaotu.cc:8089/Pics/2015/0430/01/07.jpg,
,https://img.aitaotu.cc:8089/Pics/2015/0430/01/08.jpg,
,https://img.aitaotu.cc:8089/Pics/2015/0330/01/01.jpg,
,https://img.aitaotu.cc:8089/Pics/2015/0330/01/02.jpg,
,https://img.aitaotu.cc:8089/Pics/2015/0330/01/03.jpg,
,https://img.aitaotu.cc:8089/Pics/2015/0330/01/04.jpg,
,https://img.aitaotu.cc:8089/Pics/2015/0420/26/05.jpg,
,https://img.aitaotu.cc:8089/Pics/2015/0420/26/06.jpg,
,https://img.aitaotu.cc:8089/Pics/2015/0420/26/07.jpg,
,https://img.aitaotu.cc:8089/Pics/2015/0420/26/08.jpg,
,https://img.aitaotu.cc:8089/Pics/2015/0418/08/01.jpg,
,https://img.aitaotu.cc:8089/Pics/2015/0418/08/02.jpg,
,https://img.aitaotu.cc:8089/Pics/2015/0418/08/03.jpg,
,https://img.aitaotu.cc:8089/Pics/2015/0418/08/04.jpg,
,https://img.aitaotu.cc:8089/Pics/2015/0330/02/01.jpg,
,https://img.aitaotu.cc:8089/Pics/2015/0330/02/02.jpg,
,https://img.aitaotu.cc:8089/Pics/2015/0330/02/03.jpg,
,https://img.aitaotu.cc:8089/Pics/2015/0330/02/04.jpg,
,https://img.aitaotu.cc:8089/Pics/2015/0330/03/01.jpg,
,https://img.aitaotu.cc:8089/Pics/2015/0330/03/02.jpg,
,https://img.aitaotu.cc:8089/Pics/2015/0330/03/03.jpg,
,https://img.aitaotu.cc:8089/Pics/2015/0330/03/04.jpg,
,https://img.aitaotu.cc:8089/Pics/2015/0418/07/01.jpg,
,https://img.aitaotu.cc:8089/Pics/2015/0418/07/02.jpg,
,https://img.aitaotu.cc:8089/Pics/2015/0418/07/03.jpg,
,https://img.aitaotu.cc:8089/Pics/2015/0418/07/04.jpg,
,https://img.aitaotu.cc:8089/Pics/2015/0417/09/05.jpg,
,https://img.aitaotu.cc:8089/Pics/2015/0417/09/06.jpg,
,https://img.aitaotu.cc:8089/Pics/2015/0417/09/07.jpg,
,https://img.aitaotu.cc:8089/Pics/2015/0417/09/08.jpg,
,https://img.aitaotu.cc:8089/Pics/2015/0417/07/05.jpg,
,https://img.aitaotu.cc:8089/Pics/2015/0417/07/06.jpg,
,https://img.aitaotu.cc:8089/Pics/2015/0417/07/07.jpg,
,https://img.aitaotu.cc:8089/Pics/2015/0417/07/08.jpg,
,https://img.aitaotu.cc:8089/Pics/2015/0330/04/01.jpg,
,https://img.aitaotu.cc:8089/Pics/2015/0330/04/02.jpg,
,https://img.aitaotu.cc:8089/Pics/2015/0330/04/03.jpg,
,https://img.aitaotu.cc:8089/Pics/2015/0330/04/04.jpg,
,https://img.aitaotu.cc:8089/Pics/2015/0330/08/01.jpg,
,https://img.aitaotu.cc:8089/Pics/2015/0330/08/02.jpg,
,https://img.aitaotu.cc:8089/Pics/2015/0330/08/03.jpg,
,https://img.aitaotu.cc:8089/Pics/2015/0330/08/04.jpg,
,https://img.aitaotu.cc:8089/Pics/2015/0418/01/05.jpg,
,https://img.aitaotu.cc:8089/Pics/2015/0418/01/06.jpg,
,https://img.aitaotu.cc:8089/Pics/2015/0418/01/07.jpg,
,https://img.aitaotu.cc:8089/Pics/2015/0418/01/08.jpg,
,https://img.aitaotu.cc:8089/Pics/2015/0330/09/01.jpg,
,https://img.aitaotu.cc:8089/Pics/2015/0330/09/02.jpg,
,https://img.aitaotu.cc:8089/Pics/2015/0330/09/03.jpg,
,https://img.aitaotu.cc:8089/Pics/2015/0330/09/04.jpg,
,https://img.aitaotu.cc:8089/Pics/2015/0417/10/05.jpg,
,https://img.aitaotu.cc:8089/Pics/2015/0417/10/06.jpg,
,https://img.aitaotu.cc:8089/Pics/2015/0417/10/07.jpg,
,https://img.aitaotu.cc:8089/Pics/2015/0417/10/08.jpg,
,https://img.aitaotu.cc:8089/Pics/2015/0330/06/01.jpg,
,https://img.aitaotu.cc:8089/Pics/2015/0330/06/02.jpg,
,https://img.aitaotu.cc:8089/Pics/2015/0330/06/03.jpg,
,https://img.aitaotu.cc:8089/Pics/2015/0330/06/04.jpg,
,https://img.aitaotu.cc:8089/Pics/2015/0330/05/01.jpg,
,https://img.aitaotu.cc:8089/Pics/2015/0330/05/02.jpg,
,https://img.aitaotu.cc:8089/Pics/2015/0330/05/03.jpg,
,https://img.aitaotu.cc:8089/Pics/2015/0330/05/04.jpg,
,https://img.aitaotu.cc:8089/Pics/2015/0330/10/01.jpg,
,https://img.aitaotu.cc:8089/Pics/2015/0330/10/02.jpg,
,https://img.aitaotu.cc:8089/Pics/2015/0330/10/03.jpg,
,https://img.aitaotu.cc:8089/Pics/2015/0330/10/04.jpg,
,https://img.aitaotu.cc:8089/Pics/2015/0330/07/01.jpg,
,https://img.aitaotu.cc:8089/Pics/2015/0330/07/02.jpg,
,https://img.aitaotu.cc:8089/Pics/2015/0330/07/03.jpg,
,https://img.aitaotu.cc:8089/Pics/2015/0330/07/04.jpg,
,https://img.aitaotu.cc:8089/Pics/2015/0417/04/01.jpg,
,https://img.aitaotu.cc:8089/Pics/2015/0417/04/02.jpg,
,https://img.aitaotu.cc:8089/Pics/2015/0417/04/03.jpg,
,https://img.aitaotu.cc:8089/Pics/2015/0417/04/04.jpg,
,https://img.aitaotu.cc:8089/Pics/2015/0417/05/01.jpg,
,https://img.aitaotu.cc:8089/Pics/2015/0417/05/02.jpg,
,https://img.aitaotu.cc:8089/Pics/2015/0417/05/03.jpg,
,https://img.aitaotu.cc:8089/Pics/2015/0417/05/04.jpg,
,https://img.aitaotu.cc:8089/Pics/2015/0417/06/01.jpg,
,https://img.aitaotu.cc:8089/Pics/2015/0417/06/02.jpg,
,https://img.aitaotu.cc:8089/Pics/2015/0417/06/03.jpg,
,https://img.aitaotu.cc:8089/Pics/2015/0417/06/04.jpg,
,https://img.aitaotu.cc:8089/Pics/2015/0418/03/05.jpg,
,https://img.aitaotu.cc:8089/Pics/2015/0418/03/06.jpg,
,https://img.aitaotu.cc:8089/Pics/2015/0418/03/07.jpg,
,https://img.aitaotu.cc:8089/Pics/2015/0418/03/08.jpg,
,https://img.aitaotu.cc:8089/Pics/2015/0418/02/05.jpg,
,https://img.aitaotu.cc:8089/Pics/2015/0418/02/06.jpg,
,https://img.aitaotu.cc:8089/Pics/2015/0418/02/07.jpg,
,https://img.aitaotu.cc:8089/Pics/2015/0418/02/08.jpg,
,https://img.aitaotu.cc:8089/Pics/2015/0418/05/05.jpg,
,https://img.aitaotu.cc:8089/Pics/2015/0418/05/06.jpg,
,https://img.aitaotu.cc:8089/Pics/2015/0418/05/07.jpg,
,https://img.aitaotu.cc:8089/Pics/2015/0418/05/08.jpg,
,https://img.aitaotu.cc:8089/Pics/2015/0417/08/05.jpg,
,https://img.aitaotu.cc:8089/Pics/2015/0417/08/06.jpg,
,https://img.aitaotu.cc:8089/Pics/2015/0417/08/07.jpg,
,https://img.aitaotu.cc:8089/Pics/2015/0417/08/08.jpg,
,https://img.aitaotu.cc:8089/Pics/2015/0418/04/05.jpg,
,https://img.aitaotu.cc:8089/Pics/2015/0418/04/06.jpg,
,https://img.aitaotu.cc:8089/Pics/2015/0418/04/07.jpg,
,https://img.aitaotu.cc:8089/Pics/2015/0418/04/08.jpg,
,https://img.aitaotu.cc:8089/Pics/2015/0330/02/05.jpg,
,https://img.aitaotu.cc:8089/Pics/2015/0330/02/06.jpg,
,https://img.aitaotu.cc:8089/Pics/2015/0330/02/07.jpg,
,https://img.aitaotu.cc:8089/Pics/2015/0330/02/08.jpg,
,https://img.aitaotu.cc:8089/Pics/2015/0418/08/05.jpg,
,https://img.aitaotu.cc:8089/Pics/2015/0418/08/06.jpg,
,https://img.aitaotu.cc:8089/Pics/2015/0418/08/07.jpg,
,https://img.aitaotu.cc:8089/Pics/2015/0418/08/08.jpg,
,https://img.aitaotu.cc:8089/Pics/2015/0330/01/05.jpg,
,https://img.aitaotu.cc:8089/Pics/2015/0330/01/06.jpg,
,https://img.aitaotu.cc:8089/Pics/2015/0330/01/07.jpg,
,https://img.aitaotu.cc:8089/Pics/2015/0330/01/08.jpg,
,https://img.aitaotu.cc:8089/Pics/2015/0418/06/05.jpg,
,https://img.aitaotu.cc:8089/Pics/2015/0418/06/06.jpg,
,https://img.aitaotu.cc:8089/Pics/2015/0418/06/07.jpg,
,https://img.aitaotu.cc:8089/Pics/2015/0418/06/08.jpg,
,https://img.aitaotu.cc:8089/Pics/2015/0418/09/01.jpg,
,https://img.aitaotu.cc:8089/Pics/2015/0418/09/02.jpg,
,https://img.aitaotu.cc:8089/Pics/2015/0418/09/03.jpg,
,https://img.aitaotu.cc:8089/Pics/2015/0418/09/04.jpg,
,https://img.aitaotu.cc:8089/Pics/2015/0420/01/01.jpg,
,https://img.aitaotu.cc:8089/Pics/2015/0420/01/02.jpg,
,https://img.aitaotu.cc:8089/Pics/2015/0420/01/03.jpg,
,https://img.aitaotu.cc:8089/Pics/2015/0420/01/04.jpg,
,https://img.aitaotu.cc:8089/Pics/2015/0418/10/01.jpg,
,https://img.aitaotu.cc:8089/Pics/2015/0418/10/02.jpg,
,https://img.aitaotu.cc:8089/Pics/2015/0418/10/03.jpg,
,https://img.aitaotu.cc:8089/Pics/2015/0418/10/04.jpg,
,https://img.aitaotu.cc:8089/Pics/2015/0330/04/05.jpg,
,https://img.aitaotu.cc:8089/Pics/2015/0330/04/06.jpg,
,https://img.aitaotu.cc:8089/Pics/2015/0330/04/07.jpg,
,https://img.aitaotu.cc:8089/Pics/2015/0330/04/08.jpg,
,https://img.aitaotu.cc:8089/Pics/2015/0418/07/05.jpg,
,https://img.aitaotu.cc:8089/Pics/2015/0418/07/06.jpg,
,https://img.aitaotu.cc:8089/Pics/2015/0418/07/07.jpg,
,https://img.aitaotu.cc:8089/Pics/2015/0418/07/08.jpg,
,https://img.aitaotu.cc:8089/Pics/2015/0330/03/05.jpg,
,https://img.aitaotu.cc:8089/Pics/2015/0330/03/06.jpg,
,https://img.aitaotu.cc:8089/Pics/2015/0330/03/07.jpg,
,https://img.aitaotu.cc:8089/Pics/2015/0330/03/08.jpg,
,https://img.aitaotu.cc:8089/Pics/2015/0420/02/01.jpg,
,https://img.aitaotu.cc:8089/Pics/2015/0420/02/02.jpg,
,https://img.aitaotu.cc:8089/Pics/2015/0420/02/03.jpg,
,https://img.aitaotu.cc:8089/Pics/2015/0420/02/04.jpg,
,https://img.aitaotu.cc:8089/Pics/2015/0420/03/01.jpg,
,https://img.aitaotu.cc:8089/Pics/2015/0420/03/02.jpg,
,https://img.aitaotu.cc:8089/Pics/2015/0420/03/03.jpg,
,https://img.aitaotu.cc:8089/Pics/2015/0420/03/04.jpg,
,https://img.aitaotu.cc:8089/Pics/2015/0420/04/01.jpg,
,https://img.aitaotu.cc:8089/Pics/2015/0420/04/02.jpg,
,https://img.aitaotu.cc:8089/Pics/2015/0420/04/03.jpg,
,https://img.aitaotu.cc:8089/Pics/2015/0420/04/04.jpg,
,https://img.aitaotu.cc:8089/Pics/2015/0420/05/01.jpg,
,https://img.aitaotu.cc:8089/Pics/2015/0420/05/02.jpg,
,https://img.aitaotu.cc:8089/Pics/2015/0420/05/03.jpg,
,https://img.aitaotu.cc:8089/Pics/2015/0420/05/04.jpg,
,https://img.aitaotu.cc:8089/Pics/2015/0420/06/01.jpg,
,https://img.aitaotu.cc:8089/Pics/2015/0330/08/05.jpg,
,https://img.aitaotu.cc:8089/Pics/2015/0330/08/06.jpg,
,https://img.aitaotu.cc:8089/Pics/2015/0330/08/07.jpg,
,https://img.aitaotu.cc:8089/Pics/2015/0330/08/08.jpg,
,https://img.aitaotu.cc:8089/Pics/2015/0330/07/05.jpg,
,https://img.aitaotu.cc:8089/Pics/2015/0330/07/06.jpg,
,https://img.aitaotu.cc:8089/Pics/2015/0330/07/07.jpg,
,https://img.aitaotu.cc:8089/Pics/2015/0330/07/08.jpg,
,https://img.aitaotu.cc:8089/Pics/2015/0330/05/05.jpg,
,https://img.aitaotu.cc:8089/Pics/2015/0330/05/06.jpg,
,https://img.aitaotu.cc:8089/Pics/2015/0330/05/07.jpg,
,https://img.aitaotu.cc:8089/Pics/2015/0330/05/08.jpg,
,https://img.aitaotu.cc:8089/Pics/2015/0330/10/05.jpg,
,https://img.aitaotu.cc:8089/Pics/2015/0330/10/06.jpg,
,https://img.aitaotu.cc:8089/Pics/2015/0330/10/07.jpg,
,https://img.aitaotu.cc:8089/Pics/2015/0330/10/08.jpg,
,https://img.aitaotu.cc:8089/Pics/2015/0330/06/05.jpg,
,https://img.aitaotu.cc:8089/Pics/2015/0330/06/06.jpg,
,https://img.aitaotu.cc:8089/Pics/2015/0330/06/07.jpg,
,https://img.aitaotu.cc:8089/Pics/2015/0330/06/08.jpg,
,https://img.aitaotu.cc:8089/Pics/2015/0330/09/05.jpg,
,https://img.aitaotu.cc:8089/Pics/2015/0330/09/06.jpg,
,https://img.aitaotu.cc:8089/Pics/2015/0330/09/07.jpg,
,https://img.aitaotu.cc:8089/Pics/2015/0330/09/08.jpg,
,https://img.aitaotu.cc:8089/Pics/2017/0124/14/03.jpg,
,https://img.aitaotu.cc:8089/Pics/2017/0324/15/04.jpg,
,https://img.aitaotu.cc:8089/Pics/2017/0324/15/05.jpg,
,https://img.aitaotu.cc:8089/Pics/2015/0417/06/05.jpg,
,https://img.aitaotu.cc:8089/Pics/2015/0417/06/06.jpg,
,https://img.aitaotu.cc:8089/Pics/2015/0417/06/07.jpg,
,https://img.aitaotu.cc:8089/Pics/2015/0417/06/21.jpg,
,https://img.aitaotu.cc:8089/Pics/2015/0417/05/05.jpg,
,https://img.aitaotu.cc:8089/Pics/2015/0417/05/06.jpg,
,https://img.aitaotu.cc:8089/Pics/2015/0417/05/07.jpg,
,https://img.aitaotu.cc:8089/Pics/2015/0417/05/08.jpg,
,https://img.aitaotu.cc:8089/Pics/2015/0417/04/05.jpg,
,https://img.aitaotu.cc:8089/Pics/2015/0417/04/06.jpg,
,https://img.aitaotu.cc:8089/Pics/2015/0417/04/07.jpg,
,https://img.aitaotu.cc:8089/Pics/2015/0417/04/08.jpg,
,https://img.aitaotu.cc:8089/Pics/2017/0309/13/03.jpg,
,https://img.aitaotu.cc:8089/Pics/2017/0309/13/04.jpg,
,https://img.aitaotu.cc:8089/Pics/2017/0122/12/05.jpg,
,https://img.aitaotu.cc:8089/Pics/2017/0122/12/06.jpg,
,https://img.aitaotu.cc:8089/Pics/2017/0305/03/05.jpg,
,https://img.aitaotu.cc:8089/Pics/2015/1006/10/01.jpg,
,https://img.aitaotu.cc:8089/Pics/2015/1012/14/01.jpg,
,https://img.aitaotu.cc:8089/Pics/2015/0418/10/05.jpg,
,https://img.aitaotu.cc:8089/Pics/2015/0418/10/06.jpg,
,https://img.aitaotu.cc:8089/Pics/2015/0418/10/07.jpg,
,https://img.aitaotu.cc:8089/Pics/2015/0418/10/08.jpg,
,https://img.aitaotu.cc:8089/Pics/2015/0420/01/05.jpg,
,https://img.aitaotu.cc:8089/Pics/2015/0420/01/06.jpg,
,https://img.aitaotu.cc:8089/Pics/2015/0420/01/07.jpg,
,https://img.aitaotu.cc:8089/Pics/2015/0420/01/08.jpg,
,https://img.aitaotu.cc:8089/Pics/2015/0418/09/05.jpg,
,https://img.aitaotu.cc:8089/Pics/2015/0418/09/06.jpg,
,https://img.aitaotu.cc:8089/Pics/2015/0418/09/07.jpg,
,https://img.aitaotu.cc:8089/Pics/2015/0418/09/08.jpg,
,https://img.aitaotu.cc:8089/Pics/2015/1102/12/01.jpg,
,https://img.aitaotu.cc:8089/Pics/2015/1117/18/01.jpg,
,https://img.aitaotu.cc:8089/Pics/2015/1201/19/01.jpg,
,https://img.aitaotu.cc:8089/Pics/2015/1219/09/01.jpg,
,https://img.aitaotu.cc:8089/Pics/2015/1231/23/01.jpg,
,https://img.aitaotu.cc:8089/Pics/2015/0420/06/02.jpg,
,https://img.aitaotu.cc:8089/Pics/2015/0420/04/05.jpg,
,https://img.aitaotu.cc:8089/Pics/2015/0420/04/06.jpg,
,https://img.aitaotu.cc:8089/Pics/2015/0420/04/07.jpg,
,https://img.aitaotu.cc:8089/Pics/2015/0420/04/08.jpg,
,https://img.aitaotu.cc:8089/Pics/2015/0420/02/05.jpg,
,https://img.aitaotu.cc:8089/Pics/2015/0420/02/06.jpg,
,https://img.aitaotu.cc:8089/Pics/2015/0420/02/07.jpg,
,https://img.aitaotu.cc:8089/Pics/2015/0420/02/08.jpg,
,https://img.aitaotu.cc:8089/Pics/2016/0125/19/01.jpg,
,https://img.aitaotu.cc:8089/Pics/2016/0126/23/01.jpg,
,https://img.aitaotu.cc:8089/Pics/2015/0420/05/05.jpg,
,https://img.aitaotu.cc:8089/Pics/2015/0420/05/06.jpg,
,https://img.aitaotu.cc:8089/Pics/2015/0420/05/07.jpg,
,https://img.aitaotu.cc:8089/Pics/2015/0420/05/08.jpg,
,https://img.aitaotu.cc:8089/Pics/2015/0420/03/05.jpg,
,https://img.aitaotu.cc:8089/Pics/2015/0420/03/06.jpg,
,https://img.aitaotu.cc:8089/Pics/2015/0420/03/07.jpg,
,https://img.aitaotu.cc:8089/Pics/2015/0420/03/08.jpg,
,https://img.aitaotu.cc:8089/Pics/2016/0128/20/01.jpg,
,https://img.aitaotu.cc:8089/Pics/2016/0130/24/01.jpg,
,https://img.aitaotu.cc:8089/Pics/2016/0201/21/01.jpg,
,https://img.aitaotu.cc:8089/Pics/2015/1012/14/02.jpg,
,https://img.aitaotu.cc:8089/Pics/2015/1006/10/02.jpg,
,https://img.aitaotu.cc:8089/Pics/2015/1102/12/02.jpg,
,https://img.aitaotu.cc:8089/Pics/2015/1201/19/02.jpg,
,https://img.aitaotu.cc:8089/Pics/2015/1231/23/02.jpg,
,https://img.aitaotu.cc:8089/Pics/2015/1117/18/02.jpg,
,https://img.aitaotu.cc:8089/Pics/2016/0125/19/02.jpg,
,https://img.aitaotu.cc:8089/Pics/2016/0126/23/02.jpg,
,https://img.aitaotu.cc:8089/Pics/2015/1219/09/02.jpg,
,https://img.aitaotu.cc:8089/Pics/2016/0128/20/02.jpg,
,https://img.aitaotu.cc:8089/Pics/2016/0130/24/02.jpg,
,https://img.aitaotu.cc:8089/Pics/2016/0201/21/02.jpg,
